id,name,name_en,description,description_en,full_video_url,full_video_image_url,introduction,introduction_en,slug,slug_en,attribute_name,attribute_value
1,"Squat avec barre","Barbell Squat","<p>Placez la barre sur le haut de vos trapèzes. Descendez en gardant le dos droit.</p>","<p>Place the barbell on your upper traps. Descend while keeping your back straight.</p>",https://www.youtube.com/watch?v=ultWZbUMPL8,https://img.youtube.com/vi/ultWZbUMPL8/maxresdefault.jpg,"Exercice fondamental pour les jambes","Fundamental leg exercise","squat-avec-barre","barbell-squat",TYPE,STRENGTH
1,"Squat avec barre","Barbell Squat","<p>Placez la barre sur le haut de vos trapèzes. Descendez en gardant le dos droit.</p>","<p>Place the barbell on your upper traps. Descend while keeping your back straight.</p>",https://www.youtube.com/watch?v=ultWZbUMPL8,https://img.youtube.com/vi/ultWZbUMPL8/maxresdefault.jpg,"Exercice fondamental pour les jambes","Fundamental leg exercise","squat-avec-barre","barbell-squat",PRIMARY_MUSCLE,QUADRICEPS
1,"Squat avec barre","Barbell Squat","<p>Placez la barre sur le haut de vos trapèzes. Descendez en gardant le dos droit.</p>","<p>Place the barbell on your upper traps. Descend while keeping your back straight.</p>",https://www.youtube.com/watch?v=ultWZbUMPL8,https://img.youtube.com/vi/ultWZbUMPL8/maxresdefault.jpg,"Exercice fondamental pour les jambes","Fundamental leg exercise","squat-avec-barre","barbell-squat",SECONDARY_MUSCLE,GLUTES
1,"Squat avec barre","Barbell Squat","<p>Placez la barre sur le haut de vos trapèzes. Descendez en gardant le dos droit.</p>","<p>Place the barbell on your upper traps. Descend while keeping your back straight.</p>",https://www.youtube.com/watch?v=ultWZbUMPL8,https://img.youtube.com/vi/ultWZbUMPL8/maxresdefault.jpg,"Exercice fondamental pour les jambes","Fundamental leg exercise","squat-avec-barre","barbell-squat",EQUIPMENT,BARBELL
1,"Squat avec barre","Barbell Squat","<p>Placez la barre sur le haut de vos trapèzes. Descendez en gardant le dos droit.</p>","<p>Place the barbell on your upper traps. Descend while keeping your back straight.</p>",https://www.youtube.com/watch?v=ultWZbUMPL8,https://img.youtube.com/vi/ultWZbUMPL8/maxresdefault.jpg,"Exercice fondamental pour les jambes","Fundamental leg exercise","squat-avec-barre","barbell-squat",MECHANICS_TYPE,COMPOUND
2,"Développé couché","Bench Press","<p>Allongez-vous sur le banc, saisissez la barre et poussez vers le haut.</p>","<p>Lie on the bench, grip the bar and push upward.</p>",https://www.youtube.com/watch?v=rT7DgCr-3pg,https://img.youtube.com/vi/rT7DgCr-3pg/maxresdefault.jpg,"Exercice de base pour le haut du corps","Basic upper body exercise","developpe-couche","bench-press",TYPE,STRENGTH
2,"Développé couché","Bench Press","<p>Allongez-vous sur le banc, saisissez la barre et poussez vers le haut.</p>","<p>Lie on the bench, grip the bar and push upward.</p>",https://www.youtube.com/watch?v=rT7DgCr-3pg,https://img.youtube.com/vi/rT7DgCr-3pg/maxresdefault.jpg,"Exercice de base pour le haut du corps","Basic upper body exercise","developpe-couche","bench-press",PRIMARY_MUSCLE,CHEST
2,"Développé couché","Bench Press","<p>Allongez-vous sur le banc, saisissez la barre et poussez vers le haut.</p>","<p>Lie on the bench, grip the bar and push upward.</p>",https://www.youtube.com/watch?v=rT7DgCr-3pg,https://img.youtube.com/vi/rT7DgCr-3pg/maxresdefault.jpg,"Exercice de base pour le haut du corps","Basic upper body exercise","developpe-couche","bench-press",SECONDARY_MUSCLE,TRICEPS
2,"Développé couché","Bench Press","<p>Allongez-vous sur le banc, saisissez la barre et poussez vers le haut.</p>","<p>Lie on the bench, grip the bar and push upward.</p>",https://www.youtube.com/watch?v=rT7DgCr-3pg,https://img.youtube.com/vi/rT7DgCr-3pg/maxresdefault.jpg,"Exercice de base pour le haut du corps","Basic upper body exercise","developpe-couche","bench-press",EQUIPMENT,BARBELL
2,"Développé couché","Bench Press","<p>Allongez-vous sur le banc, saisissez la barre et poussez vers le haut.</p>","<p>Lie on the bench, grip the bar and push upward.</p>",https://www.youtube.com/watch?v=rT7DgCr-3pg,https://img.youtube.com/vi/rT7DgCr-3pg/maxresdefault.jpg,"Exercice de base pour le haut du corps","Basic upper body exercise","developpe-couche","bench-press",MECHANICS_TYPE,COMPOUND
3,"Soulevé de terre","Deadlift","<p>Saisissez la barre au sol et soulevez-la en gardant le dos droit.</p>","<p>Grip the bar from the ground and lift while keeping your back straight.</p>",https://www.youtube.com/watch?v=ytGaGIn3SjE,https://img.youtube.com/vi/ytGaGIn3SjE/maxresdefault.jpg,"Mouvement poly-articulaire complet","Complete multi-joint movement","souleve-de-terre","deadlift",TYPE,STRENGTH
3,"Soulevé de terre","Deadlift","<p>Saisissez la barre au sol et soulevez-la en gardant le dos droit.</p>","<p>Grip the bar from the ground and lift while keeping your back straight.</p>",https://www.youtube.com/watch?v=ytGaGIn3SjE,https://img.youtube.com/vi/ytGaGIn3SjE/maxresdefault.jpg,"Mouvement poly-articulaire complet","Complete multi-joint movement","souleve-de-terre","deadlift",PRIMARY_MUSCLE,HAMSTRINGS
3,"Soulevé de terre","Deadlift","<p>Saisissez la barre au sol et soulevez-la en gardant le dos droit.</p>","<p>Grip the bar from the ground and lift while keeping your back straight.</p>",https://www.youtube.com/watch?v=ytGaGIn3SjE,https://img.youtube.com/vi/ytGaGIn3SjE/maxresdefault.jpg,"Mouvement poly-articulaire complet","Complete multi-joint movement","souleve-de-terre","deadlift",SECONDARY_MUSCLE,BACK
3,"Soulevé de terre","Deadlift","<p>Saisissez la barre au sol et soulevez-la en gardant le dos droit.</p>","<p>Grip the bar from the ground and lift while keeping your back straight.</p>",https://www.youtube.com/watch?v=ytGaGIn3SjE,https://img.youtube.com/vi/ytGaGIn3SjE/maxresdefault.jpg,"Mouvement poly-articulaire complet","Complete multi-joint movement","souleve-de-terre","deadlift",EQUIPMENT,BARBELL
3,"Soulevé de terre","Deadlift","<p>Saisissez la barre au sol et soulevez-la en gardant le dos droit.</p>","<p>Grip the bar from the ground and lift while keeping your back straight.</p>",https://www.youtube.com/watch?v=ytGaGIn3SjE,https://img.youtube.com/vi/ytGaGIn3SjE/maxresdefault.jpg,"Mouvement poly-articulaire complet","Complete multi-joint movement","souleve-de-terre","deadlift",MECHANICS_TYPE,COMPOUND
4,"Tractions","Pull-ups","<p>Suspendez-vous à la barre et tirez votre corps vers le haut.</p>","<p>Hang from the bar and pull your body upward.</p>",https://www.youtube.com/watch?v=eGo4IYlbE5g,https://img.youtube.com/vi/eGo4IYlbE5g/maxresdefault.jpg,"Exercice au poids du corps pour le dos","Bodyweight exercise for back","tractions","pull-ups",TYPE,STRENGTH
4,"Tractions","Pull-ups","<p>Suspendez-vous à la barre et tirez votre corps vers le haut.</p>","<p>Hang from the bar and pull your body upward.</p>",https://www.youtube.com/watch?v=eGo4IYlbE5g,https://img.youtube.com/vi/eGo4IYlbE5g/maxresdefault.jpg,"Exercice au poids du corps pour le dos","Bodyweight exercise for back","tractions","pull-ups",PRIMARY_MUSCLE,BACK
4,"Tractions","Pull-ups","<p>Suspendez-vous à la barre et tirez votre corps vers le haut.</p>","<p>Hang from the bar and pull your body upward.</p>",https://www.youtube.com/watch?v=eGo4IYlbE5g,https://img.youtube.com/vi/eGo4IYlbE5g/maxresdefault.jpg,"Exercice au poids du corps pour le dos","Bodyweight exercise for back","tractions","pull-ups",SECONDARY_MUSCLE,BICEPS
4,"Tractions","Pull-ups","<p>Suspendez-vous à la barre et tirez votre corps vers le haut.</p>","<p>Hang from the bar and pull your body upward.</p>",https://www.youtube.com/watch?v=eGo4IYlbE5g,https://img.youtube.com/vi/eGo4IYlbE5g/maxresdefault.jpg,"Exercice au poids du corps pour le dos","Bodyweight exercise for back","tractions","pull-ups",EQUIPMENT,BODYWEIGHT
4,"Tractions","Pull-ups","<p>Suspendez-vous à la barre et tirez votre corps vers le haut.</p>","<p>Hang from the bar and pull your body upward.</p>",https://www.youtube.com/watch?v=eGo4IYlbE5g,https://img.youtube.com/vi/eGo4IYlbE5g/maxresdefault.jpg,"Exercice au poids du corps pour le dos","Bodyweight exercise for back","tractions","pull-ups",MECHANICS_TYPE,COMPOUND
5,"Pompes","Push-ups","<p>En position de planche, descendez et poussez votre corps vers le haut.</p>","<p>In plank position, lower and push your body upward.</p>",https://www.youtube.com/watch?v=IODxDxX7oi4,https://img.youtube.com/vi/IODxDxX7oi4/maxresdefault.jpg,"Exercice classique pour le haut du corps","Classic upper body exercise","pompes","push-ups",TYPE,STRENGTH
5,"Pompes","Push-ups","<p>En position de planche, descendez et poussez votre corps vers le haut.</p>","<p>In plank position, lower and push your body upward.</p>",https://www.youtube.com/watch?v=IODxDxX7oi4,https://img.youtube.com/vi/IODxDxX7oi4/maxresdefault.jpg,"Exercice classique pour le haut du corps","Classic upper body exercise","pompes","push-ups",PRIMARY_MUSCLE,CHEST
5,"Pompes","Push-ups","<p>En position de planche, descendez et poussez votre corps vers le haut.</p>","<p>In plank position, lower and push your body upward.</p>",https://www.youtube.com/watch?v=IODxDxX7oi4,https://img.youtube.com/vi/IODxDxX7oi4/maxresdefault.jpg,"Exercice classique pour le haut du corps","Classic upper body exercise","pompes","push-ups",SECONDARY_MUSCLE,TRICEPS
5,"Pompes","Push-ups","<p>En position de planche, descendez et poussez votre corps vers le haut.</p>","<p>In plank position, lower and push your body upward.</p>",https://www.youtube.com/watch?v=IODxDxX7oi4,https://img.youtube.com/vi/IODxDxX7oi4/maxresdefault.jpg,"Exercice classique pour le haut du corps","Classic upper body exercise","pompes","push-ups",EQUIPMENT,BODYWEIGHT
5,"Pompes","Push-ups","<p>En position de planche, descendez et poussez votre corps vers le haut.</p>","<p>In plank position, lower and push your body upward.</p>",https://www.youtube.com/watch?v=IODxDxX7oi4,https://img.youtube.com/vi/IODxDxX7oi4/maxresdefault.jpg,"Exercice classique pour le haut du corps","Classic upper body exercise","pompes","push-ups",MECHANICS_TYPE,COMPOUND
6,"Curl biceps","Bicep Curls","<p>Tenez les haltères et pliez les coudes pour lever les poids.</p>","<p>Hold dumbbells and bend elbows to lift the weights.</p>",https://www.youtube.com/watch?v=ykJmrZ5v0Oo,https://img.youtube.com/vi/ykJmrZ5v0Oo/maxresdefault.jpg,"Isolation pour les biceps","Bicep isolation exercise","curl-biceps","bicep-curls",TYPE,STRENGTH
6,"Curl biceps","Bicep Curls","<p>Tenez les haltères et pliez les coudes pour lever les poids.</p>","<p>Hold dumbbells and bend elbows to lift the weights.</p>",https://www.youtube.com/watch?v=ykJmrZ5v0Oo,https://img.youtube.com/vi/ykJmrZ5v0Oo/maxresdefault.jpg,"Isolation pour les biceps","Bicep isolation exercise","curl-biceps","bicep-curls",PRIMARY_MUSCLE,BICEPS
6,"Curl biceps","Bicep Curls","<p>Tenez les haltères et pliez les coudes pour lever les poids.</p>","<p>Hold dumbbells and bend elbows to lift the weights.</p>",https://www.youtube.com/watch?v=ykJmrZ5v0Oo,https://img.youtube.com/vi/ykJmrZ5v0Oo/maxresdefault.jpg,"Isolation pour les biceps","Bicep isolation exercise","curl-biceps","bicep-curls",SECONDARY_MUSCLE,FOREARMS
6,"Curl biceps","Bicep Curls","<p>Tenez les haltères et pliez les coudes pour lever les poids.</p>","<p>Hold dumbbells and bend elbows to lift the weights.</p>",https://www.youtube.com/watch?v=ykJmrZ5v0Oo,https://img.youtube.com/vi/ykJmrZ5v0Oo/maxresdefault.jpg,"Isolation pour les biceps","Bicep isolation exercise","curl-biceps","bicep-curls",EQUIPMENT,DUMBBELL
6,"Curl biceps","Bicep Curls","<p>Tenez les haltères et pliez les coudes pour lever les poids.</p>","<p>Hold dumbbells and bend elbows to lift the weights.</p>",https://www.youtube.com/watch?v=ykJmrZ5v0Oo,https://img.youtube.com/vi/ykJmrZ5v0Oo/maxresdefault.jpg,"Isolation pour les biceps","Bicep isolation exercise","curl-biceps","bicep-curls",MECHANICS_TYPE,ISOLATION
7,"Développé militaire","Overhead Press","<p>Poussez la barre depuis les épaules vers le haut au-dessus de la tête.</p>","<p>Push the bar from shoulders overhead above your head.</p>",https://www.youtube.com/watch?v=2yjwXTZQDDI,https://img.youtube.com/vi/2yjwXTZQDDI/maxresdefault.jpg,"Exercice pour les épaules","Shoulder exercise","developpe-militaire","overhead-press",TYPE,STRENGTH
7,"Développé militaire","Overhead Press","<p>Poussez la barre depuis les épaules vers le haut au-dessus de la tête.</p>","<p>Push the bar from shoulders overhead above your head.</p>",https://www.youtube.com/watch?v=2yjwXTZQDDI,https://img.youtube.com/vi/2yjwXTZQDDI/maxresdefault.jpg,"Exercice pour les épaules","Shoulder exercise","developpe-militaire","overhead-press",PRIMARY_MUSCLE,SHOULDERS
7,"Développé militaire","Overhead Press","<p>Poussez la barre depuis les épaules vers le haut au-dessus de la tête.</p>","<p>Push the bar from shoulders overhead above your head.</p>",https://www.youtube.com/watch?v=2yjwXTZQDDI,https://img.youtube.com/vi/2yjwXTZQDDI/maxresdefault.jpg,"Exercice pour les épaules","Shoulder exercise","developpe-militaire","overhead-press",SECONDARY_MUSCLE,TRICEPS
7,"Développé militaire","Overhead Press","<p>Poussez la barre depuis les épaules vers le haut au-dessus de la tête.</p>","<p>Push the bar from shoulders overhead above your head.</p>",https://www.youtube.com/watch?v=2yjwXTZQDDI,https://img.youtube.com/vi/2yjwXTZQDDI/maxresdefault.jpg,"Exercice pour les épaules","Shoulder exercise","developpe-militaire","overhead-press",EQUIPMENT,BARBELL
7,"Développé militaire","Overhead Press","<p>Poussez la barre depuis les épaules vers le haut au-dessus de la tête.</p>","<p>Push the bar from shoulders overhead above your head.</p>",https://www.youtube.com/watch?v=2yjwXTZQDDI,https://img.youtube.com/vi/2yjwXTZQDDI/maxresdefault.jpg,"Exercice pour les épaules","Shoulder exercise","developpe-militaire","overhead-press",MECHANICS_TYPE,COMPOUND
8,"Fentes","Lunges","<p>Faites un grand pas en avant et pliez les deux genoux.</p>","<p>Take a large step forward and bend both knees.</p>",https://www.youtube.com/watch?v=QOVaHwm-Q6U,https://img.youtube.com/vi/QOVaHwm-Q6U/maxresdefault.jpg,"Exercice unilatéral pour les jambes","Unilateral leg exercise","fentes","lunges",TYPE,STRENGTH
8,"Fentes","Lunges","<p>Faites un grand pas en avant et pliez les deux genoux.</p>","<p>Take a large step forward and bend both knees.</p>",https://www.youtube.com/watch?v=QOVaHwm-Q6U,https://img.youtube.com/vi/QOVaHwm-Q6U/maxresdefault.jpg,"Exercice unilatéral pour les jambes","Unilateral leg exercise","fentes","lunges",PRIMARY_MUSCLE,QUADRICEPS
8,"Fentes","Lunges","<p>Faites un grand pas en avant et pliez les deux genoux.</p>","<p>Take a large step forward and bend both knees.</p>",https://www.youtube.com/watch?v=QOVaHwm-Q6U,https://img.youtube.com/vi/QOVaHwm-Q6U/maxresdefault.jpg,"Exercice unilatéral pour les jambes","Unilateral leg exercise","fentes","lunges",SECONDARY_MUSCLE,GLUTES
8,"Fentes","Lunges","<p>Faites un grand pas en avant et pliez les deux genoux.</p>","<p>Take a large step forward and bend both knees.</p>",https://www.youtube.com/watch?v=QOVaHwm-Q6U,https://img.youtube.com/vi/QOVaHwm-Q6U/maxresdefault.jpg,"Exercice unilatéral pour les jambes","Unilateral leg exercise","fentes","lunges",EQUIPMENT,BODYWEIGHT
8,"Fentes","Lunges","<p>Faites un grand pas en avant et pliez les deux genoux.</p>","<p>Take a large step forward and bend both knees.</p>",https://www.youtube.com/watch?v=QOVaHwm-Q6U,https://img.youtube.com/vi/QOVaHwm-Q6U/maxresdefault.jpg,"Exercice unilatéral pour les jambes","Unilateral leg exercise","fentes","lunges",MECHANICS_TYPE,COMPOUND
9,"Dips","Dips","<p>Descendez et remontez en utilisant vos triceps sur des barres parallèles.</p>","<p>Lower and raise using your triceps on parallel bars.</p>",https://www.youtube.com/watch?v=2z8JmcrW-As,https://img.youtube.com/vi/2z8JmcrW-As/maxresdefault.jpg,"Exercice pour triceps et pectoraux","Triceps and chest exercise","dips","dips",TYPE,STRENGTH
9,"Dips","Dips","<p>Descendez et remontez en utilisant vos triceps sur des barres parallèles.</p>","<p>Lower and raise using your triceps on parallel bars.</p>",https://www.youtube.com/watch?v=2z8JmcrW-As,https://img.youtube.com/vi/2z8JmcrW-As/maxresdefault.jpg,"Exercice pour triceps et pectoraux","Triceps and chest exercise","dips","dips",PRIMARY_MUSCLE,TRICEPS
9,"Dips","Dips","<p>Descendez et remontez en utilisant vos triceps sur des barres parallèles.</p>","<p>Lower and raise using your triceps on parallel bars.</p>",https://www.youtube.com/watch?v=2z8JmcrW-As,https://img.youtube.com/vi/2z8JmcrW-As/maxresdefault.jpg,"Exercice pour triceps et pectoraux","Triceps and chest exercise","dips","dips",SECONDARY_MUSCLE,CHEST
9,"Dips","Dips","<p>Descendez et remontez en utilisant vos triceps sur des barres parallèles.</p>","<p>Lower and raise using your triceps on parallel bars.</p>",https://www.youtube.com/watch?v=2z8JmcrW-As,https://img.youtube.com/vi/2z8JmcrW-As/maxresdefault.jpg,"Exercice pour triceps et pectoraux","Triceps and chest exercise","dips","dips",EQUIPMENT,BODYWEIGHT
9,"Dips","Dips","<p>Descendez et remontez en utilisant vos triceps sur des barres parallèles.</p>","<p>Lower and raise using your triceps on parallel bars.</p>",https://www.youtube.com/watch?v=2z8JmcrW-As,https://img.youtube.com/vi/2z8JmcrW-As/maxresdefault.jpg,"Exercice pour triceps et pectoraux","Triceps and chest exercise","dips","dips",MECHANICS_TYPE,COMPOUND
10,"Burpees","Burpees","<p>Exercice explosif combinant squat, planche et saut.</p>","<p>Explosive exercise combining squat, plank, and jump.</p>",https://www.youtube.com/watch?v=auBLPXO8Fww,https://img.youtube.com/vi/auBLPXO8Fww/maxresdefault.jpg,"Mouvement cardiovasculaire intense","Intense cardiovascular movement","burpees","burpees",TYPE,CARDIO
10,"Burpees","Burpees","<p>Exercice explosif combinant squat, planche et saut.</p>","<p>Explosive exercise combining squat, plank, and jump.</p>",https://www.youtube.com/watch?v=auBLPXO8Fww,https://img.youtube.com/vi/auBLPXO8Fww/maxresdefault.jpg,"Mouvement cardiovasculaire intense","Intense cardiovascular movement","burpees","burpees",PRIMARY_MUSCLE,CORE
10,"Burpees","Burpees","<p>Exercice explosif combinant squat, planche et saut.</p>","<p>Explosive exercise combining squat, plank, and jump.</p>",https://www.youtube.com/watch?v=auBLPXO8Fww,https://img.youtube.com/vi/auBLPXO8Fww/maxresdefault.jpg,"Mouvement cardiovasculaire intense","Intense cardiovascular movement","burpees","burpees",SECONDARY_MUSCLE,QUADRICEPS
10,"Burpees","Burpees","<p>Exercice explosif combinant squat, planche et saut.</p>","<p>Explosive exercise combining squat, plank, and jump.</p>",https://www.youtube.com/watch?v=auBLPXO8Fww,https://img.youtube.com/vi/auBLPXO8Fww/maxresdefault.jpg,"Mouvement cardiovasculaire intense","Intense cardiovascular movement","burpees","burpees",EQUIPMENT,BODYWEIGHT
10,"Burpees","Burpees","<p>Exercice explosif combinant squat, planche et saut.</p>","<p>Explosive exercise combining squat, plank, and jump.</p>",https://www.youtube.com/watch?v=auBLPXO8Fww,https://img.youtube.com/vi/auBLPXO8Fww/maxresdefault.jpg,"Mouvement cardiovasculaire intense","Intense cardiovascular movement","burpees","burpees",MECHANICS_TYPE,COMPOUND
11,"Planche","Plank","<p>Maintenez une position de planche en contractant votre core.</p>","<p>Hold a plank position while contracting your core.</p>",https://www.youtube.com/watch?v=pSHjTRCQxIw,https://img.youtube.com/vi/pSHjTRCQxIw/maxresdefault.jpg,"Exercice isométrique pour le core","Isometric core exercise","planche","plank",TYPE,STRENGTH
11,"Planche","Plank","<p>Maintenez une position de planche en contractant votre core.</p>","<p>Hold a plank position while contracting your core.</p>",https://www.youtube.com/watch?v=pSHjTRCQxIw,https://img.youtube.com/vi/pSHjTRCQxIw/maxresdefault.jpg,"Exercice isométrique pour le core","Isometric core exercise","planche","plank",PRIMARY_MUSCLE,CORE
11,"Planche","Plank","<p>Maintenez une position de planche en contractant votre core.</p>","<p>Hold a plank position while contracting your core.</p>",https://www.youtube.com/watch?v=pSHjTRCQxIw,https://img.youtube.com/vi/pSHjTRCQxIw/maxresdefault.jpg,"Exercice isométrique pour le core","Isometric core exercise","planche","plank",SECONDARY_MUSCLE,SHOULDERS
11,"Planche","Plank","<p>Maintenez une position de planche en contractant votre core.</p>","<p>Hold a plank position while contracting your core.</p>",https://www.youtube.com/watch?v=pSHjTRCQxIw,https://img.youtube.com/vi/pSHjTRCQxIw/maxresdefault.jpg,"Exercice isométrique pour le core","Isometric core exercise","planche","plank",EQUIPMENT,BODYWEIGHT
11,"Planche","Plank","<p>Maintenez une position de planche en contractant votre core.</p>","<p>Hold a plank position while contracting your core.</p>",https://www.youtube.com/watch?v=pSHjTRCQxIw,https://img.youtube.com/vi/pSHjTRCQxIw/maxresdefault.jpg,"Exercice isométrique pour le core","Isometric core exercise","planche","plank",MECHANICS_TYPE,ISOLATION
12,"Mountain Climbers","Mountain Climbers","<p>Alternez rapidement les genoux vers la poitrine en position de planche.</p>","<p>Quickly alternate knees to chest in plank position.</p>",https://www.youtube.com/watch?v=nmwgirgXLYM,https://img.youtube.com/vi/nmwgirgXLYM/maxresdefault.jpg,"Cardio et renforcement du core","Cardio and core strengthening","mountain-climbers","mountain-climbers",TYPE,CARDIO
12,"Mountain Climbers","Mountain Climbers","<p>Alternez rapidement les genoux vers la poitrine en position de planche.</p>","<p>Quickly alternate knees to chest in plank position.</p>",https://www.youtube.com/watch?v=nmwgirgXLYM,https://img.youtube.com/vi/nmwgirgXLYM/maxresdefault.jpg,"Cardio et renforcement du core","Cardio and core strengthening","mountain-climbers","mountain-climbers",PRIMARY_MUSCLE,CORE
12,"Mountain Climbers","Mountain Climbers","<p>Alternez rapidement les genoux vers la poitrine en position de planche.</p>","<p>Quickly alternate knees to chest in plank position.</p>",https://www.youtube.com/watch?v=nmwgirgXLYM,https://img.youtube.com/vi/nmwgirgXLYM/maxresdefault.jpg,"Cardio et renforcement du core","Cardio and core strengthening","mountain-climbers","mountain-climbers",SECONDARY_MUSCLE,SHOULDERS
12,"Mountain Climbers","Mountain Climbers","<p>Alternez rapidement les genoux vers la poitrine en position de planche.</p>","<p>Quickly alternate knees to chest in plank position.</p>",https://www.youtube.com/watch?v=nmwgirgXLYM,https://img.youtube.com/vi/nmwgirgXLYM/maxresdefault.jpg,"Cardio et renforcement du core","Cardio and core strengthening","mountain-climbers","mountain-climbers",EQUIPMENT,BODYWEIGHT
12,"Mountain Climbers","Mountain Climbers","<p>Alternez rapidement les genoux vers la poitrine en position de planche.</p>","<p>Quickly alternate knees to chest in plank position.</p>",https://www.youtube.com/watch?v=nmwgirgXLYM,https://img.youtube.com/vi/nmwgirgXLYM/maxresdefault.jpg,"Cardio et renforcement du core","Cardio and core strengthening","mountain-climbers","mountain-climbers",MECHANICS_TYPE,COMPOUND
13,"Rowing","Barbell Row","<p>Pliez-vous en avant et tirez la barre vers votre abdomen.</p>","<p>Bend forward and pull the bar to your abdomen.</p>",https://www.youtube.com/watch?v=FWJR5Ve8bnQ,https://img.youtube.com/vi/FWJR5Ve8bnQ/maxresdefault.jpg,"Exercice pour le dos","Back exercise","rowing","barbell-row",TYPE,STRENGTH
13,"Rowing","Barbell Row","<p>Pliez-vous en avant et tirez la barre vers votre abdomen.</p>","<p>Bend forward and pull the bar to your abdomen.</p>",https://www.youtube.com/watch?v=FWJR5Ve8bnQ,https://img.youtube.com/vi/FWJR5Ve8bnQ/maxresdefault.jpg,"Exercice pour le dos","Back exercise","rowing","barbell-row",PRIMARY_MUSCLE,BACK
13,"Rowing","Barbell Row","<p>Pliez-vous en avant et tirez la barre vers votre abdomen.</p>","<p>Bend forward and pull the bar to your abdomen.</p>",https://www.youtube.com/watch?v=FWJR5Ve8bnQ,https://img.youtube.com/vi/FWJR5Ve8bnQ/maxresdefault.jpg,"Exercice pour le dos","Back exercise","rowing","barbell-row",SECONDARY_MUSCLE,BICEPS
13,"Rowing","Barbell Row","<p>Pliez-vous en avant et tirez la barre vers votre abdomen.</p>","<p>Bend forward and pull the bar to your abdomen.</p>",https://www.youtube.com/watch?v=FWJR5Ve8bnQ,https://img.youtube.com/vi/FWJR5Ve8bnQ/maxresdefault.jpg,"Exercice pour le dos","Back exercise","rowing","barbell-row",EQUIPMENT,BARBELL
13,"Rowing","Barbell Row","<p>Pliez-vous en avant et tirez la barre vers votre abdomen.</p>","<p>Bend forward and pull the bar to your abdomen.</p>",https://www.youtube.com/watch?v=FWJR5Ve8bnQ,https://img.youtube.com/vi/FWJR5Ve8bnQ/maxresdefault.jpg,"Exercice pour le dos","Back exercise","rowing","barbell-row",MECHANICS_TYPE,COMPOUND
14,"Jumping Jacks","Jumping Jacks","<p>Sautez en écartant les jambes et levant les bras.</p>","<p>Jump while spreading legs and raising arms.</p>",https://www.youtube.com/watch?v=c4DAnQ6DtF8,https://img.youtube.com/vi/c4DAnQ6DtF8/maxresdefault.jpg,"Cardio simple et efficace","Simple and effective cardio","jumping-jacks","jumping-jacks",TYPE,CARDIO
14,"Jumping Jacks","Jumping Jacks","<p>Sautez en écartant les jambes et levant les bras.</p>","<p>Jump while spreading legs and raising arms.</p>",https://www.youtube.com/watch?v=c4DAnQ6DtF8,https://img.youtube.com/vi/c4DAnQ6DtF8/maxresdefault.jpg,"Cardio simple et efficace","Simple and effective cardio","jumping-jacks","jumping-jacks",PRIMARY_MUSCLE,CALVES
14,"Jumping Jacks","Jumping Jacks","<p>Sautez en écartant les jambes et levant les bras.</p>","<p>Jump while spreading legs and raising arms.</p>",https://www.youtube.com/watch?v=c4DAnQ6DtF8,https://img.youtube.com/vi/c4DAnQ6DtF8/maxresdefault.jpg,"Cardio simple et efficace","Simple and effective cardio","jumping-jacks","jumping-jacks",SECONDARY_MUSCLE,SHOULDERS
14,"Jumping Jacks","Jumping Jacks","<p>Sautez en écartant les jambes et levant les bras.</p>","<p>Jump while spreading legs and raising arms.</p>",https://www.youtube.com/watch?v=c4DAnQ6DtF8,https://img.youtube.com/vi/c4DAnQ6DtF8/maxresdefault.jpg,"Cardio simple et efficace","Simple and effective cardio","jumping-jacks","jumping-jacks",EQUIPMENT,BODYWEIGHT
14,"Jumping Jacks","Jumping Jacks","<p>Sautez en écartant les jambes et levant les bras.</p>","<p>Jump while spreading legs and raising arms.</p>",https://www.youtube.com/watch?v=c4DAnQ6DtF8,https://img.youtube.com/vi/c4DAnQ6DtF8/maxresdefault.jpg,"Cardio simple et efficace","Simple and effective cardio","jumping-jacks","jumping-jacks",MECHANICS_TYPE,COMPOUND
15,"Hip Thrust","Hip Thrust","<p>Allongé sur le dos, poussez vos hanches vers le haut.</p>","<p>Lying on your back, push your hips upward.</p>",https://www.youtube.com/watch?v=SEdqd1n0cvg,https://img.youtube.com/vi/SEdqd1n0cvg/maxresdefault.jpg,"Activation des fessiers","Glute activation","hip-thrust","hip-thrust",TYPE,STRENGTH
15,"Hip Thrust","Hip Thrust","<p>Allongé sur le dos, poussez vos hanches vers le haut.</p>","<p>Lying on your back, push your hips upward.</p>",https://www.youtube.com/watch?v=SEdqd1n0cvg,https://img.youtube.com/vi/SEdqd1n0cvg/maxresdefault.jpg,"Activation des fessiers","Glute activation","hip-thrust","hip-thrust",PRIMARY_MUSCLE,GLUTES
15,"Hip Thrust","Hip Thrust","<p>Allongé sur le dos, poussez vos hanches vers le haut.</p>","<p>Lying on your back, push your hips upward.</p>",https://www.youtube.com/watch?v=SEdqd1n0cvg,https://img.youtube.com/vi/SEdqd1n0cvg/maxresdefault.jpg,"Activation des fessiers","Glute activation","hip-thrust","hip-thrust",SECONDARY_MUSCLE,HAMSTRINGS
15,"Hip Thrust","Hip Thrust","<p>Allongé sur le dos, poussez vos hanches vers le haut.</p>","<p>Lying on your back, push your hips upward.</p>",https://www.youtube.com/watch?v=SEdqd1n0cvg,https://img.youtube.com/vi/SEdqd1n0cvg/maxresdefault.jpg,"Activation des fessiers","Glute activation","hip-thrust","hip-thrust",EQUIPMENT,BODYWEIGHT
15,"Hip Thrust","Hip Thrust","<p>Allongé sur le dos, poussez vos hanches vers le haut.</p>","<p>Lying on your back, push your hips upward.</p>",https://www.youtube.com/watch?v=SEdqd1n0cvg,https://img.youtube.com/vi/SEdqd1n0cvg/maxresdefault.jpg,"Activation des fessiers","Glute activation","hip-thrust","hip-thrust",MECHANICS_TYPE,ISOLATION